sale_date,product_id,quantity,revenue,data_origin
2026-06-01,P-A,10,500.00,synthetic
2026-06-02,P-A,10,500.00,synthetic
2026-06-03,P-A,10,500.00,synthetic
2026-06-04,P-A,10,500.00,synthetic
2026-06-05,P-A,10,500.00,synthetic
2026-06-06,P-A,10,500.00,synthetic
2026-06-07,P-A,10,500.00,synthetic
2026-06-08,P-A,10,500.00,synthetic
2026-06-09,P-A,10,500.00,synthetic
2026-06-10,P-A,10,500.00,synthetic
2026-06-11,P-A,10,500.00,synthetic
2026-06-12,P-A,10,500.00,synthetic
2026-06-13,P-A,10,500.00,synthetic
2026-06-14,P-A,10,500.00,synthetic
2026-06-01,P-B,6,180.00,synthetic
2026-06-02,P-B,6,180.00,synthetic
2026-06-03,P-B,6,180.00,synthetic
2026-06-04,P-B,6,180.00,synthetic
2026-06-05,P-B,6,180.00,synthetic
2026-06-06,P-B,6,180.00,synthetic
2026-06-07,P-B,6,180.00,synthetic
2026-06-08,P-B,6,180.00,synthetic
2026-06-09,P-B,6,180.00,synthetic
2026-06-10,P-B,6,180.00,synthetic
2026-06-11,P-B,6,180.00,synthetic
2026-06-12,P-B,6,180.00,synthetic
2026-06-13,P-B,6,180.00,synthetic
2026-06-14,P-B,6,180.00,synthetic